"variable","coeficiente","error_std","t","p_valor"
"(Intercept)",0.88046,0.19603,4.491,0
"ln_opening",0.80008,0.08665,9.234,0
"budget_m",0.00486,0.00157,3.092,0.003
"comedy",0.13657,0.07645,1.786,0.0788
"r_rated",-0.1048,0.08848,-1.184,0.2407
"known",-0.05904,0.06826,-0.865,0.3903
"sequel",0.0907,0.11397,0.796,0.4291
"summer",-0.15592,0.07766,-2.008,0.049
"holiday",0.04414,0.11756,0.375,0.7086
"christmas",-0.01973,0.11766,-0.168,0.8674
"theatres",3e-05,7e-05,0.414,0.6804
"critics",0.0112,0.00248,4.521,0
