"movie","budget","us_gross","roi"
"16 Blocks",45000000,36895141,-0.180107977777778
"Accepted",23000000,36323505,0.579282826086956
"Apocalypto",40000000,50866635,0.271665875
"Arthur and the Invisibles",86000000,15132763,-0.824037639534884
"ATL",20000000,21170563,0.05852815
"Babel",20000000,34302837,0.71514185
"Barnyard: The Original Party Animals",51000000,72637803,0.424270647058824
"Big Momma's House 2",40000000,70165972,0.7541493
"Blood Diamond",100000000,57377916,-0.42622084
"Charlotte's Web",85000000,82599768,-0.0282380235294118
